<?xml version="1.0" encoding="UTF-8"?>
<project xmlns="http://maven.apache.org/POM/4.0.0" xmlns:xsi="http://www.w3.org/2001/XMLSchema-instance" xsi:schemaLocation="http://maven.apache.org/POM/4.0.0 http://maven.apache.org/maven-v4_0_0.xsd">
  <modelVersion>4.0.0</modelVersion>
  <groupId>com.github.micli.TDengine</groupId>
  <artifactId>hivemq-tdengine-extension</artifactId>
  <version>1.1.2</version>
  <description>HiveMQ 4 Catfith Extension - an extension that supports save MQTT data to TDengine database.</description>
  <build>
    <plugins>
      <plugin>
        <artifactId>maven-compiler-plugin</artifactId>
        <version>3.8.0</version>
        <configuration>
          <source>11</source>
          <target>11</target>
        </configuration>
      </plugin>
      <plugin>
        <artifactId>maven-shade-plugin</artifactId>
        <version>3.1.1</version>
        <executions>
          <execution>
            <phase>package</phase>
            <goals>
              <goal>shade</goal>
            </goals>
            <configuration>
              <artifactSet>
                <excludes>
                  <exclude>com.hivemq:hivemq-extension-sdk</exclude>
                  <exclude>org.slf4j:*</exclude>
                  <exclude>ch.qos.logback:*</exclude>
                  <exclude>javax.servlet:*</exclude>
                </excludes>
              </artifactSet>
              <filters>
                <filter>
                  <artifact>*:*</artifact>
                  <excludes>
                    <exclude>META-INF/*.SF</exclude>
                    <exclude>META-INF/*.DSA</exclude>
                    <exclude>META-INF/*.RSA</exclude>
                  </excludes>
                </filter>
              </filters>
            </configuration>
          </execution>
        </executions>
      </plugin>
      <plugin>
        <artifactId>maven-assembly-plugin</artifactId>
        <executions>
          <execution>
            <id>assembly</id>
            <phase>package</phase>
            <goals>
              <goal>single</goal>
            </goals>
            <configuration>
              <descriptors>
                <descriptor>assembly.xml</descriptor>
              </descriptors>
            </configuration>
          </execution>
        </executions>
      </plugin>
      <plugin>
        <groupId>org.asciidoctor</groupId>
        <artifactId>asciidoctor-maven-plugin</artifactId>
        <version>${asciidoctor.version}</version>
        <executions>
          <execution>
            <id>output-html</id>
            <phase>generate-resources</phase>
            <goals>
              <goal>process-asciidoc</goal>
            </goals>
            <configuration>
              <backend>html</backend>
              <doctype>xhtml</doctype>
              <headerFooter>true</headerFooter>
              <sourceDirectory>${basedir}</sourceDirectory>
              <outputDirectory>${output.dir}/target</outputDirectory>
              <sourceDocumentName>${source.document.name}</sourceDocumentName>
              <attributes>
                <icons>font</icons>
                <toc2 />
              </attributes>
            </configuration>
          </execution>
        </executions>
      </plugin>
    </plugins>
  </build>
  <profiles>
    <profile>
      <id>RunWithHiveMQ</id>
      <build>
        <plugins>
          <plugin>
            <groupId>com.hivemq</groupId>
            <artifactId>hivemq-maven-plugin</artifactId>
            <version>4.0.2</version>
            <executions>
              <execution>
                <id>hivemq</id>
                <phase>package</phase>
                <goals>
                  <goal>hivemq</goal>
                </goals>
                <configuration>
                  <hiveMQDir>FIXME, insert your HiveMQ directory here!</hiveMQDir>
                  <debugMode>SERVER</debugMode>
                </configuration>
              </execution>
            </executions>
          </plugin>
        </plugins>
      </build>
    </profile>
  </profiles>
  <dependencies>
    <dependency>
      <groupId>com.hivemq</groupId>
      <artifactId>hivemq-extension-sdk</artifactId>
      <version>4.3.0</version>
      <scope>compile</scope>
    </dependency>
    <dependency>
      <groupId>com.hivemq</groupId>
      <artifactId>hivemq-mqtt-client</artifactId>
      <version>1.2.0</version>
      <scope>test</scope>
      <exclusions>
        <exclusion>
          <artifactId>rxjava</artifactId>
          <groupId>io.reactivex.rxjava2</groupId>
        </exclusion>
        <exclusion>
          <artifactId>netty-buffer</artifactId>
          <groupId>io.netty</groupId>
        </exclusion>
        <exclusion>
          <artifactId>netty-codec</artifactId>
          <groupId>io.netty</groupId>
        </exclusion>
        <exclusion>
          <artifactId>netty-common</artifactId>
          <groupId>io.netty</groupId>
        </exclusion>
        <exclusion>
          <artifactId>netty-handler</artifactId>
          <groupId>io.netty</groupId>
        </exclusion>
        <exclusion>
          <artifactId>netty-transport</artifactId>
          <groupId>io.netty</groupId>
        </exclusion>
        <exclusion>
          <artifactId>jctools-core</artifactId>
          <groupId>org.jctools</groupId>
        </exclusion>
        <exclusion>
          <artifactId>annotations</artifactId>
          <groupId>org.jetbrains</groupId>
        </exclusion>
        <exclusion>
          <artifactId>dagger</artifactId>
          <groupId>com.google.dagger</groupId>
        </exclusion>
      </exclusions>
    </dependency>
    <dependency>
      <groupId>org.junit.jupiter</groupId>
      <artifactId>junit-jupiter-engine</artifactId>
      <version>5.6.1</version>
      <scope>test</scope>
      <exclusions>
        <exclusion>
          <artifactId>apiguardian-api</artifactId>
          <groupId>org.apiguardian</groupId>
        </exclusion>
        <exclusion>
          <artifactId>junit-platform-engine</artifactId>
          <groupId>org.junit.platform</groupId>
        </exclusion>
      </exclusions>
    </dependency>
    <dependency>
      <groupId>org.junit.jupiter</groupId>
      <artifactId>junit-jupiter-api</artifactId>
      <version>5.6.1</version>
      <scope>test</scope>
      <exclusions>
        <exclusion>
          <artifactId>opentest4j</artifactId>
          <groupId>org.opentest4j</groupId>
        </exclusion>
        <exclusion>
          <artifactId>junit-platform-commons</artifactId>
          <groupId>org.junit.platform</groupId>
        </exclusion>
        <exclusion>
          <artifactId>apiguardian-api</artifactId>
          <groupId>org.apiguardian</groupId>
        </exclusion>
      </exclusions>
    </dependency>
    <dependency>
      <groupId>com.hivemq</groupId>
      <artifactId>hivemq-testcontainer-junit5</artifactId>
      <version>1.1.0</version>
      <scope>test</scope>
      <exclusions>
        <exclusion>
          <artifactId>hivemq-testcontainer-core</artifactId>
          <groupId>com.hivemq</groupId>
        </exclusion>
      </exclusions>
    </dependency>
    <dependency>
      <groupId>ch.qos.logback</groupId>
      <artifactId>logback-classic</artifactId>
      <version>1.2.3</version>
      <scope>test</scope>
      <exclusions>
        <exclusion>
          <artifactId>logback-core</artifactId>
          <groupId>ch.qos.logback</groupId>
        </exclusion>
      </exclusions>
    </dependency>
    <dependency>
      <groupId>org.projectlombok</groupId>
      <artifactId>lombok</artifactId>
      <version>1.18.12</version>
      <scope>provided</scope>
    </dependency>
  </dependencies>
  <properties>
    <output.dir>${basedir}</output.dir>
    <asciidoctor.version>1.5.2.1</asciidoctor.version>
    <extension.name>TDengine Extension</extension.name>
    <extension.author>Michael Li</extension.author>
    <source.document.name>README.adoc</source.document.name>
  </properties>
</project>
